,0,1,2,3,4,5,6,7,8,9
0,241.0,245.0,244.0,243.0,242.0,244.0,242.0,243.0,245.0,245.0
1,232.0,235.0,235.0,234.0,235.0,234.0,233.0,235.0,233.0,234.0
2,229.0,229.0,229.0,229.0,231.0,230.0,230.0,231.0,232.0,228.0
3,248.0,250.0,249.0,250.0,251.0,250.0,251.0,251.0,251.0,249.0
4,244.0,245.0,245.0,246.0,246.0,244.0,245.0,243.0,246.0,244.0
5,250.0,250.0,251.0,250.0,248.0,250.0,251.0,251.0,250.0,251.0
6,251.0,252.0,253.0,252.0,251.0,251.0,249.0,254.0,252.0,251.0
7,246.0,246.0,246.0,246.0,246.0,245.0,244.0,246.0,247.0,247.0
8,241.0,240.0,239.0,240.0,240.0,242.0,239.0,240.0,241.0,240.0
9,229.0,232.0,232.0,231.0,228.0,229.0,231.0,229.0,231.0,229.0
10,255.0,257.0,255.0,257.0,256.0,254.0,256.0,257.0,254.0,256.0
11,246.0,246.0,246.0,244.0,243.0,246.0,245.0,245.0,245.0,246.0
12,250.0,249.0,249.0,249.0,248.0,249.0,249.0,249.0,248.0,249.0
13,253.0,254.0,254.0,251.0,254.0,252.0,254.0,254.0,252.0,252.0
14,252.0,254.0,254.0,251.0,254.0,254.0,253.0,253.0,255.0,252.0
15,246.0,245.0,243.0,246.0,246.0,244.0,246.0,245.0,247.0,246.0
16,255.0,255.0,255.0,254.0,254.0,256.0,252.0,256.0,254.0,253.0
17,250.0,251.0,250.0,250.0,251.0,252.0,251.0,253.0,251.0,250.0
18,257.0,256.0,258.0,258.0,259.0,257.0,255.0,260.0,257.0,259.0
19,254.0,252.0,253.0,252.0,253.0,252.0,253.0,252.0,253.0,255.0
20,230.0,230.0,230.0,228.0,230.0,229.0,229.0,231.0,231.0,229.0
21,254.0,253.0,255.0,256.0,257.0,256.0,254.0,254.0,255.0,256.0
22,247.0,247.0,248.0,249.0,247.0,247.0,247.0,247.0,246.0,246.0
23,251.0,250.0,251.0,250.0,251.0,250.0,251.0,251.0,252.0,250.0
24,260.0,256.0,257.0,256.0,258.0,258.0,259.0,257.0,259.0,259.0
25,246.0,246.0,247.0,247.0,247.0,244.0,245.0,246.0,244.0,246.0
26,249.0,250.0,251.0,250.0,251.0,250.0,251.0,248.0,249.0,252.0
27,246.0,248.0,246.0,246.0,245.0,246.0,244.0,246.0,244.0,244.0
28,239.0,239.0,239.0,239.0,238.0,238.0,239.0,238.0,240.0,239.0
29,243.0,242.0,243.0,240.0,241.0,244.0,242.0,241.0,243.0,242.0
30,246.0,246.0,245.0,245.0,245.0,245.0,243.0,244.0,245.0,244.0
31,260.0,259.0,263.0,261.0,262.0,261.0,260.0,262.0,261.0,262.0
32,257.0,259.0,258.0,256.0,257.0,258.0,259.0,258.0,260.0,258.0
33,243.0,241.0,242.0,242.0,243.0,242.0,243.0,243.0,241.0,241.0
34,259.0,259.0,260.0,258.0,257.0,258.0,258.0,258.0,260.0,259.0
35,261.0,261.0,263.0,262.0,260.0,262.0,261.0,262.0,260.0,263.0
36,247.0,248.0,247.0,247.0,247.0,249.0,249.0,248.0,247.0,248.0
37,241.0,240.0,240.0,239.0,240.0,241.0,239.0,239.0,241.0,240.0
38,254.0,254.0,254.0,257.0,254.0,254.0,255.0,255.0,254.0,254.0
39,251.0,251.0,251.0,251.0,252.0,251.0,251.0,250.0,250.0,251.0
40,252.0,252.0,250.0,252.0,251.0,250.0,251.0,251.0,251.0,248.0
41,258.0,257.0,257.0,256.0,257.0,256.0,257.0,258.0,259.0,256.0
42,249.0,249.0,249.0,247.0,246.0,248.0,246.0,247.0,247.0,248.0
43,254.0,253.0,255.0,252.0,251.0,253.0,253.0,252.0,252.0,252.0
44,272.0,270.0,272.0,271.0,273.0,269.0,271.0,271.0,271.0,271.0
45,250.0,249.0,249.0,249.0,248.0,251.0,249.0,250.0,250.0,249.0
46,228.0,230.0,230.0,228.0,228.0,229.0,228.0,233.0,231.0,228.0
47,246.0,246.0,244.0,246.0,244.0,245.0,245.0,245.0,244.0,246.0
48,248.0,250.0,249.0,250.0,247.0,250.0,249.0,246.0,247.0,250.0
49,249.0,248.0,248.0,248.0,248.0,249.0,250.0,248.0,249.0,249.0
50,245.0,246.0,244.0,247.0,246.0,246.0,247.0,245.0,246.0,245.0
51,254.0,255.0,255.0,256.0,255.0,253.0,256.0,255.0,254.0,253.0
52,262.0,260.0,260.0,261.0,260.0,261.0,260.0,262.0,261.0,261.0
53,270.0,270.0,269.0,270.0,269.0,272.0,270.0,271.0,269.0,270.0
54,237.0,240.0,239.0,237.0,239.0,238.0,238.0,238.0,238.0,237.0
55,249.0,249.0,250.0,249.0,250.0,248.0,250.0,249.0,250.0,250.0
56,256.0,257.0,257.0,257.0,256.0,256.0,255.0,256.0,256.0,255.0
57,273.0,275.0,274.0,273.0,273.0,273.0,273.0,271.0,274.0,273.0
58,248.0,249.0,248.0,249.0,248.0,250.0,250.0,250.0,248.0,248.0
59,253.0,253.0,253.0,253.0,253.0,252.0,254.0,254.0,252.0,252.0
60,259.0,258.0,258.0,259.0,258.0,257.0,257.0,260.0,258.0,260.0
61,267.0,266.0,267.0,267.0,264.0,267.0,267.0,266.0,266.0,266.0
62,251.0,252.0,254.0,251.0,253.0,252.0,252.0,251.0,251.0,252.0
63,255.0,255.0,256.0,256.0,256.0,257.0,254.0,256.0,255.0,255.0
64,259.0,259.0,260.0,258.0,258.0,260.0,259.0,257.0,258.0,260.0
65,247.0,246.0,247.0,248.0,246.0,247.0,245.0,248.0,246.0,248.0
66,255.0,255.0,257.0,255.0,257.0,256.0,257.0,258.0,256.0,255.0
67,271.0,269.0,270.0,268.0,271.0,270.0,269.0,272.0,271.0,271.0
68,247.0,246.0,246.0,244.0,246.0,244.0,246.0,247.0,247.0,244.0
69,265.0,262.0,263.0,265.0,264.0,265.0,264.0,265.0,262.0,266.0
70,237.0,237.0,235.0,236.0,236.0,235.0,236.0,236.0,237.0,236.0
71,232.0,233.0,232.0,231.0,234.0,232.0,233.0,232.0,234.0,230.0
72,255.0,256.0,257.0,257.0,260.0,257.0,256.0,257.0,256.0,258.0
73,254.0,254.0,255.0,256.0,254.0,256.0,256.0,254.0,256.0,254.0
74,267.0,263.0,266.0,267.0,267.0,267.0,265.0,265.0,267.0,266.0
75,267.0,266.0,263.0,267.0,267.0,266.0,266.0,266.0,267.0,267.0
76,238.0,240.0,238.0,237.0,237.0,238.0,238.0,236.0,237.0,238.0
77,258.0,258.0,258.0,258.0,257.0,257.0,257.0,257.0,256.0,257.0
78,264.0,264.0,264.0,264.0,265.0,265.0,264.0,265.0,264.0,265.0
79,266.0,266.0,266.0,264.0,264.0,265.0,266.0,262.0,265.0,263.0
80,227.0,229.0,228.0,230.0,228.0,227.0,231.0,228.0,226.0,227.0
81,241.0,239.0,240.0,240.0,242.0,242.0,243.0,241.0,241.0,241.0
82,240.0,239.0,240.0,238.0,240.0,239.0,239.0,238.0,240.0,240.0
83,270.0,272.0,269.0,273.0,269.0,271.0,271.0,272.0,273.0,272.0
84,241.0,242.0,239.0,239.0,240.0,241.0,240.0,241.0,240.0,239.0
85,265.0,265.0,266.0,266.0,266.0,267.0,267.0,267.0,266.0,267.0
86,258.0,259.0,258.0,258.0,257.0,257.0,257.0,258.0,257.0,258.0
87,250.0,250.0,250.0,250.0,249.0,250.0,250.0,251.0,251.0,248.0
88,248.0,248.0,248.0,246.0,248.0,246.0,246.0,251.0,248.0,248.0
89,241.0,239.0,238.0,241.0,241.0,239.0,241.0,239.0,240.0,239.0
90,242.0,241.0,243.0,242.0,241.0,240.0,241.0,242.0,241.0,241.0
91,255.0,251.0,252.0,253.0,252.0,254.0,251.0,252.0,252.0,252.0
92,263.0,261.0,260.0,261.0,259.0,260.0,260.0,261.0,259.0,261.0
93,254.0,253.0,255.0,254.0,255.0,254.0,253.0,256.0,253.0,254.0
94,233.0,233.0,233.0,235.0,234.0,235.0,233.0,233.0,233.0,231.0
95,246.0,246.0,244.0,246.0,244.0,245.0,244.0,244.0,245.0,245.0
96,261.0,263.0,263.0,261.0,260.0,261.0,263.0,262.0,260.0,262.0
97,271.0,268.0,270.0,271.0,270.0,269.0,269.0,270.0,270.0,269.0
98,243.0,246.0,246.0,246.0,245.0,245.0,245.0,246.0,242.0,243.0
99,234.0,235.0,235.0,236.0,235.0,234.0,236.0,237.0,235.0,235.0
100,250.0,247.0,249.0,249.0,249.0,248.0,249.0,251.0,250.0,250.0
101,265.0,263.0,265.0,266.0,265.0,266.0,266.0,265.0,266.0,266.0
102,254.0,255.0,255.0,256.0,255.0,254.0,253.0,254.0,255.0,255.0
103,272.0,273.0,272.0,271.0,271.0,272.0,272.0,272.0,271.0,273.0
104,249.0,247.0,248.0,246.0,250.0,248.0,246.0,249.0,247.0,248.0
105,266.0,266.0,267.0,266.0,266.0,266.0,266.0,266.0,264.0,266.0
106,235.0,239.0,235.0,238.0,237.0,238.0,237.0,237.0,237.0,237.0
107,247.0,246.0,245.0,247.0,246.0,246.0,248.0,245.0,247.0,248.0
108,251.0,251.0,252.0,248.0,250.0,250.0,251.0,249.0,251.0,251.0
109,245.0,246.0,244.0,245.0,247.0,243.0,244.0,245.0,244.0,245.0
110,247.0,247.0,246.0,247.0,248.0,245.0,247.0,248.0,248.0,247.0
111,259.0,258.0,259.0,259.0,258.0,260.0,259.0,258.0,257.0,257.0
112,252.0,250.0,251.0,249.0,251.0,250.0,251.0,251.0,251.0,250.0
113,254.0,257.0,257.0,255.0,257.0,256.0,257.0,255.0,256.0,254.0
114,254.0,254.0,257.0,256.0,257.0,255.0,255.0,257.0,255.0,257.0
115,238.0,237.0,241.0,234.0,236.0,236.0,237.0,237.0,236.0,237.0
116,253.0,254.0,256.0,257.0,255.0,253.0,254.0,253.0,254.0,254.0
117,236.0,238.0,238.0,235.0,236.0,239.0,236.0,236.0,237.0,238.0
118,253.0,252.0,254.0,255.0,252.0,252.0,253.0,254.0,255.0,254.0
119,260.0,261.0,260.0,261.0,258.0,260.0,260.0,259.0,259.0,262.0
120,255.0,256.0,255.0,256.0,256.0,255.0,255.0,254.0,255.0,255.0
121,258.0,260.0,260.0,258.0,258.0,259.0,257.0,259.0,260.0,261.0
122,257.0,257.0,258.0,256.0,255.0,257.0,255.0,255.0,255.0,255.0
123,247.0,249.0,247.0,247.0,248.0,245.0,246.0,247.0,248.0,246.0
124,244.0,244.0,243.0,245.0,244.0,244.0,244.0,243.0,244.0,245.0
125,242.0,241.0,243.0,241.0,241.0,240.0,243.0,243.0,242.0,240.0
126,252.0,252.0,252.0,253.0,253.0,250.0,252.0,252.0,252.0,251.0
127,236.0,236.0,237.0,238.0,236.0,236.0,239.0,237.0,235.0,236.0
128,253.0,252.0,254.0,254.0,253.0,254.0,254.0,252.0,253.0,254.0
129,265.0,262.0,263.0,264.0,264.0,263.0,262.0,262.0,263.0,263.0
130,238.0,240.0,238.0,239.0,237.0,239.0,241.0,241.0,240.0,240.0
131,240.0,240.0,240.0,240.0,240.0,240.0,240.0,240.0,241.0,239.0
132,245.0,250.0,247.0,245.0,246.0,246.0,248.0,246.0,249.0,247.0
133,231.0,230.0,232.0,230.0,232.0,233.0,233.0,231.0,233.0,231.0
134,254.0,252.0,253.0,254.0,253.0,254.0,253.0,252.0,252.0,253.0
135,248.0,248.0,248.0,250.0,248.0,250.0,249.0,248.0,249.0,250.0
136,262.0,264.0,265.0,261.0,263.0,262.0,265.0,263.0,262.0,264.0
137,244.0,243.0,246.0,242.0,243.0,245.0,243.0,244.0,245.0,243.0
138,250.0,249.0,249.0,248.0,248.0,247.0,248.0,247.0,248.0,250.0
139,248.0,247.0,246.0,248.0,247.0,247.0,248.0,247.0,245.0,247.0
140,251.0,249.0,250.0,249.0,250.0,249.0,249.0,251.0,251.0,248.0
141,253.0,252.0,256.0,253.0,255.0,255.0,256.0,253.0,255.0,253.0
142,233.0,233.0,233.0,234.0,233.0,233.0,233.0,233.0,235.0,234.0
143,225.0,226.0,224.0,222.0,226.0,225.0,226.0,225.0,225.0,226.0
144,258.0,261.0,260.0,259.0,259.0,258.0,260.0,258.0,260.0,259.0
145,262.0,262.0,260.0,261.0,261.0,262.0,260.0,262.0,261.0,262.0
146,249.0,247.0,250.0,249.0,249.0,250.0,250.0,249.0,251.0,249.0
147,252.0,253.0,251.0,250.0,250.0,252.0,253.0,251.0,251.0,251.0
148,254.0,252.0,254.0,255.0,253.0,255.0,254.0,253.0,254.0,253.0
149,253.0,252.0,252.0,251.0,251.0,253.0,251.0,252.0,251.0,254.0
150,241.0,242.0,242.0,243.0,242.0,242.0,242.0,243.0,241.0,242.0
151,236.0,237.0,235.0,237.0,235.0,237.0,237.0,237.0,237.0,235.0
152,230.0,230.0,229.0,230.0,232.0,231.0,231.0,230.0,229.0,231.0
153,262.0,258.0,260.0,261.0,261.0,260.0,261.0,261.0,260.0,260.0
154,273.0,275.0,273.0,274.0,273.0,275.0,274.0,275.0,273.0,274.0
155,230.0,230.0,233.0,230.0,231.0,230.0,233.0,232.0,230.0,230.0
156,263.0,264.0,265.0,263.0,265.0,265.0,264.0,265.0,264.0,265.0
157,245.0,245.0,245.0,246.0,245.0,245.0,246.0,246.0,244.0,247.0
158,254.0,254.0,255.0,255.0,254.0,254.0,254.0,254.0,255.0,254.0
159,253.0,254.0,253.0,254.0,255.0,253.0,255.0,254.0,253.0,253.0
160,260.0,259.0,258.0,258.0,258.0,259.0,260.0,260.0,260.0,259.0
161,242.0,242.0,242.0,243.0,242.0,244.0,245.0,241.0,242.0,242.0
162,248.0,249.0,249.0,250.0,250.0,248.0,250.0,249.0,247.0,250.0
163,230.0,230.0,230.0,229.0,230.0,229.0,230.0,228.0,230.0,229.0
164,251.0,250.0,251.0,251.0,252.0,252.0,250.0,251.0,252.0,250.0
165,244.0,245.0,243.0,244.0,245.0,245.0,243.0,243.0,242.0,245.0
166,248.0,250.0,248.0,249.0,248.0,250.0,249.0,248.0,247.0,248.0
167,260.0,261.0,262.0,260.0,260.0,259.0,259.0,261.0,260.0,261.0
168,248.0,248.0,249.0,249.0,248.0,249.0,248.0,248.0,249.0,250.0
169,269.0,267.0,267.0,269.0,267.0,272.0,267.0,270.0,269.0,268.0
170,245.0,243.0,244.0,245.0,246.0,245.0,244.0,246.0,245.0,246.0
171,251.0,250.0,249.0,250.0,250.0,251.0,250.0,251.0,251.0,250.0
172,245.0,246.0,245.0,245.0,246.0,245.0,243.0,245.0,245.0,244.0
173,257.0,258.0,258.0,256.0,257.0,258.0,255.0,255.0,258.0,259.0
174,255.0,253.0,254.0,253.0,255.0,256.0,253.0,255.0,253.0,255.0
175,263.0,262.0,262.0,263.0,261.0,264.0,262.0,261.0,260.0,261.0
176,245.0,245.0,245.0,243.0,244.0,243.0,244.0,244.0,245.0,243.0
177,239.0,240.0,240.0,240.0,239.0,242.0,239.0,239.0,240.0,239.0
178,265.0,265.0,263.0,264.0,264.0,264.0,264.0,262.0,264.0,263.0
179,246.0,246.0,246.0,248.0,245.0,246.0,246.0,245.0,246.0,247.0
180,254.0,255.0,254.0,255.0,254.0,254.0,254.0,254.0,256.0,254.0
181,243.0,242.0,242.0,244.0,243.0,242.0,242.0,241.0,241.0,242.0
182,253.0,254.0,255.0,255.0,254.0,255.0,255.0,256.0,256.0,254.0
183,258.0,257.0,259.0,257.0,256.0,257.0,258.0,258.0,256.0,257.0
184,245.0,243.0,243.0,244.0,244.0,244.0,245.0,244.0,245.0,243.0
185,252.0,251.0,251.0,253.0,252.0,251.0,252.0,251.0,251.0,250.0
186,232.0,232.0,232.0,235.0,233.0,234.0,234.0,234.0,234.0,232.0
187,242.0,239.0,240.0,241.0,238.0,241.0,241.0,240.0,241.0,242.0
188,238.0,239.0,239.0,240.0,238.0,239.0,241.0,238.0,239.0,239.0
189,257.0,256.0,258.0,257.0,257.0,256.0,257.0,256.0,256.0,256.0
190,248.0,247.0,245.0,246.0,248.0,246.0,245.0,243.0,245.0,248.0
191,236.0,236.0,237.0,236.0,234.0,236.0,236.0,236.0,235.0,235.0
192,261.0,262.0,262.0,262.0,261.0,259.0,260.0,260.0,263.0,259.0
193,236.0,237.0,237.0,237.0,237.0,239.0,238.0,237.0,239.0,239.0
194,257.0,258.0,258.0,256.0,259.0,258.0,257.0,257.0,258.0,257.0
195,245.0,247.0,247.0,244.0,247.0,246.0,246.0,246.0,246.0,247.0
196,239.0,242.0,241.0,241.0,241.0,240.0,241.0,241.0,242.0,241.0
197,243.0,244.0,243.0,243.0,242.0,242.0,242.0,241.0,242.0,242.0
198,242.0,241.0,241.0,239.0,240.0,240.0,240.0,241.0,240.0,242.0
199,245.0,246.0,244.0,245.0,246.0,246.0,247.0,245.0,246.0,247.0
200,269.0,270.0,269.0,270.0,270.0,269.0,268.0,268.0,269.0,269.0
201,249.0,249.0,249.0,252.0,252.0,251.0,253.0,252.0,252.0,250.0
202,258.0,256.0,258.0,257.0,256.0,257.0,258.0,257.0,260.0,258.0
203,263.0,264.0,263.0,263.0,262.0,266.0,263.0,265.0,264.0,264.0
204,235.0,233.0,234.0,232.0,234.0,236.0,234.0,234.0,234.0,234.0
205,251.0,252.0,251.0,252.0,252.0,252.0,251.0,253.0,251.0,252.0
206,246.0,246.0,246.0,247.0,246.0,245.0,244.0,245.0,245.0,246.0
207,266.0,269.0,267.0,267.0,269.0,267.0,266.0,265.0,267.0,268.0
208,244.0,245.0,245.0,245.0,245.0,245.0,244.0,243.0,246.0,245.0
209,271.0,270.0,268.0,272.0,271.0,270.0,269.0,270.0,270.0,269.0
210,246.0,247.0,247.0,246.0,246.0,247.0,246.0,246.0,248.0,247.0
211,248.0,246.0,247.0,247.0,248.0,248.0,246.0,245.0,247.0,246.0
212,240.0,239.0,239.0,239.0,239.0,238.0,238.0,240.0,239.0,240.0
213,249.0,251.0,250.0,251.0,251.0,250.0,251.0,251.0,252.0,251.0
214,240.0,240.0,239.0,240.0,241.0,242.0,239.0,240.0,238.0,241.0
215,253.0,255.0,255.0,257.0,254.0,254.0,253.0,254.0,256.0,254.0
216,253.0,253.0,253.0,253.0,254.0,257.0,253.0,254.0,254.0,253.0
217,253.0,254.0,253.0,255.0,257.0,255.0,256.0,254.0,255.0,255.0
218,242.0,244.0,243.0,243.0,245.0,243.0,245.0,244.0,243.0,243.0
219,259.0,260.0,260.0,260.0,262.0,261.0,258.0,260.0,260.0,260.0
220,245.0,246.0,247.0,247.0,247.0,246.0,244.0,245.0,246.0,243.0
221,244.0,244.0,244.0,245.0,243.0,246.0,244.0,244.0,243.0,245.0
222,269.0,269.0,268.0,269.0,268.0,266.0,269.0,268.0,269.0,268.0
223,241.0,242.0,243.0,241.0,241.0,242.0,244.0,241.0,243.0,242.0
224,253.0,254.0,254.0,251.0,255.0,252.0,252.0,253.0,253.0,253.0
225,261.0,259.0,259.0,258.0,260.0,260.0,260.0,259.0,261.0,259.0
226,250.0,250.0,251.0,249.0,250.0,249.0,248.0,250.0,248.0,250.0
227,248.0,248.0,249.0,248.0,247.0,247.0,247.0,249.0,247.0,248.0
228,267.0,265.0,265.0,265.0,267.0,266.0,267.0,265.0,265.0,264.0
229,264.0,264.0,266.0,264.0,264.0,264.0,265.0,263.0,262.0,264.0
230,222.0,225.0,224.0,225.0,225.0,224.0,222.0,225.0,226.0,226.0
231,246.0,246.0,245.0,246.0,245.0,244.0,245.0,246.0,244.0,245.0
232,222.0,224.0,226.0,220.0,223.0,224.0,225.0,226.0,224.0,225.0
233,249.0,250.0,249.0,247.0,247.0,247.0,249.0,247.0,247.0,248.0
234,248.0,250.0,249.0,247.0,248.0,247.0,248.0,249.0,250.0,248.0
235,263.0,262.0,260.0,263.0,261.0,260.0,262.0,263.0,261.0,263.0
236,245.0,243.0,245.0,244.0,243.0,245.0,243.0,244.0,243.0,244.0
237,251.0,251.0,253.0,252.0,251.0,250.0,252.0,251.0,251.0,253.0
238,256.0,256.0,255.0,257.0,259.0,257.0,258.0,258.0,256.0,256.0
239,267.0,268.0,267.0,267.0,268.0,265.0,267.0,265.0,266.0,266.0
240,257.0,257.0,259.0,258.0,258.0,257.0,258.0,256.0,258.0,258.0
241,254.0,254.0,254.0,255.0,252.0,254.0,251.0,253.0,254.0,253.0
242,252.0,252.0,254.0,253.0,255.0,254.0,255.0,253.0,252.0,253.0
243,265.0,264.0,265.0,263.0,264.0,265.0,264.0,264.0,261.0,263.0
244,260.0,260.0,261.0,262.0,261.0,260.0,259.0,259.0,258.0,263.0
245,240.0,240.0,238.0,240.0,241.0,239.0,240.0,238.0,240.0,242.0
246,260.0,260.0,261.0,260.0,260.0,258.0,258.0,259.0,261.0,260.0
247,254.0,254.0,254.0,254.0,255.0,254.0,254.0,255.0,253.0,253.0
248,261.0,260.0,263.0,262.0,262.0,261.0,262.0,262.0,260.0,262.0
249,252.0,253.0,253.0,252.0,252.0,253.0,255.0,253.0,252.0,252.0
250,242.0,242.0,242.0,240.0,243.0,242.0,241.0,242.0,243.0,243.0
251,238.0,236.0,239.0,238.0,238.0,239.0,239.0,239.0,238.0,237.0
252,238.0,239.0,239.0,238.0,239.0,240.0,239.0,238.0,238.0,239.0
253,249.0,249.0,247.0,250.0,250.0,248.0,248.0,248.0,251.0,248.0
254,250.0,249.0,250.0,248.0,248.0,250.0,249.0,248.0,246.0,249.0
255,242.0,242.0,243.0,243.0,241.0,243.0,243.0,244.0,244.0,242.0
256,258.0,257.0,260.0,260.0,259.0,258.0,260.0,258.0,259.0,259.0
257,240.0,239.0,239.0,238.0,239.0,239.0,242.0,239.0,240.0,239.0
258,255.0,255.0,258.0,255.0,258.0,255.0,257.0,256.0,257.0,257.0
259,261.0,260.0,261.0,261.0,261.0,262.0,260.0,262.0,261.0,261.0
260,256.0,256.0,255.0,254.0,255.0,255.0,254.0,255.0,254.0,256.0
261,231.0,234.0,232.0,232.0,231.0,234.0,232.0,231.0,231.0,233.0
262,259.0,259.0,259.0,260.0,262.0,260.0,260.0,260.0,260.0,260.0
263,248.0,247.0,246.0,248.0,248.0,249.0,247.0,249.0,248.0,247.0
264,239.0,239.0,239.0,239.0,239.0,241.0,239.0,240.0,240.0,237.0
265,257.0,257.0,256.0,257.0,258.0,256.0,258.0,258.0,257.0,255.0
266,243.0,242.0,242.0,244.0,243.0,243.0,243.0,242.0,243.0,244.0
267,263.0,263.0,264.0,263.0,264.0,263.0,263.0,262.0,264.0,262.0
268,262.0,261.0,260.0,259.0,262.0,262.0,260.0,260.0,260.0,260.0
269,240.0,241.0,239.0,239.0,242.0,239.0,241.0,240.0,239.0,240.0
270,252.0,250.0,251.0,252.0,252.0,252.0,252.0,254.0,253.0,254.0
271,252.0,254.0,253.0,253.0,253.0,252.0,252.0,253.0,253.0,253.0
272,250.0,248.0,248.0,248.0,248.0,248.0,248.0,248.0,248.0,246.0
273,268.0,266.0,267.0,267.0,267.0,268.0,266.0,269.0,268.0,267.0
274,261.0,261.0,262.0,264.0,263.0,261.0,263.0,261.0,261.0,259.0
275,239.0,240.0,238.0,240.0,241.0,240.0,241.0,238.0,242.0,241.0
276,238.0,238.0,236.0,238.0,236.0,237.0,236.0,237.0,237.0,236.0
277,264.0,265.0,265.0,265.0,264.0,262.0,262.0,264.0,263.0,265.0
278,245.0,248.0,247.0,247.0,248.0,247.0,246.0,246.0,246.0,247.0
279,258.0,256.0,257.0,257.0,259.0,257.0,257.0,256.0,257.0,256.0
280,256.0,256.0,256.0,256.0,255.0,257.0,257.0,254.0,256.0,258.0
281,253.0,256.0,253.0,253.0,254.0,255.0,253.0,255.0,255.0,255.0
282,264.0,261.0,265.0,263.0,261.0,261.0,262.0,262.0,263.0,263.0
283,228.0,227.0,227.0,228.0,229.0,227.0,227.0,229.0,227.0,229.0
284,254.0,254.0,253.0,254.0,254.0,253.0,255.0,256.0,254.0,253.0
285,251.0,249.0,251.0,248.0,248.0,248.0,249.0,250.0,248.0,249.0
286,243.0,244.0,247.0,245.0,246.0,245.0,244.0,244.0,245.0,244.0
287,248.0,247.0,244.0,246.0,246.0,247.0,246.0,245.0,246.0,246.0
288,246.0,245.0,244.0,243.0,245.0,249.0,247.0,247.0,246.0,246.0
289,271.0,271.0,270.0,272.0,268.0,270.0,272.0,271.0,271.0,271.0
290,266.0,266.0,265.0,267.0,268.0,267.0,265.0,265.0,267.0,266.0
291,290.0,291.0,291.0,290.0,289.0,289.0,290.0,290.0,290.0,290.0
292,247.0,247.0,248.0,248.0,247.0,249.0,247.0,248.0,248.0,248.0
293,246.0,246.0,246.0,247.0,247.0,245.0,246.0,246.0,246.0,247.0
294,245.0,245.0,246.0,244.0,245.0,246.0,244.0,246.0,243.0,246.0
295,258.0,257.0,258.0,256.0,257.0,258.0,259.0,256.0,256.0,258.0
296,253.0,252.0,252.0,254.0,253.0,253.0,254.0,253.0,251.0,252.0
297,248.0,247.0,246.0,250.0,249.0,251.0,250.0,248.0,249.0,248.0
298,249.0,249.0,250.0,250.0,247.0,250.0,249.0,251.0,249.0,249.0
299,249.0,248.0,249.0,248.0,249.0,247.0,250.0,249.0,248.0,247.0
300,244.0,245.0,247.0,246.0,243.0,246.0,247.0,246.0,245.0,245.0
301,254.0,253.0,254.0,254.0,253.0,255.0,254.0,254.0,255.0,254.0
302,256.0,258.0,257.0,258.0,257.0,257.0,256.0,257.0,257.0,258.0
303,250.0,249.0,252.0,250.0,251.0,253.0,249.0,250.0,248.0,252.0
304,241.0,241.0,240.0,241.0,239.0,240.0,242.0,242.0,242.0,239.0
305,237.0,238.0,238.0,237.0,237.0,236.0,236.0,238.0,236.0,237.0
306,261.0,259.0,261.0,260.0,261.0,261.0,260.0,261.0,261.0,261.0
307,253.0,252.0,253.0,252.0,253.0,253.0,255.0,253.0,253.0,253.0
308,258.0,258.0,257.0,255.0,257.0,257.0,258.0,256.0,256.0,256.0
309,265.0,264.0,261.0,263.0,263.0,265.0,264.0,262.0,264.0,263.0
310,246.0,246.0,244.0,245.0,247.0,247.0,245.0,246.0,247.0,248.0
311,247.0,248.0,248.0,247.0,246.0,245.0,248.0,247.0,247.0,248.0
312,262.0,265.0,262.0,262.0,261.0,259.0,260.0,260.0,261.0,259.0
313,237.0,238.0,236.0,236.0,238.0,237.0,238.0,236.0,236.0,236.0
314,257.0,258.0,258.0,258.0,258.0,259.0,258.0,258.0,259.0,257.0
315,249.0,249.0,251.0,252.0,250.0,251.0,252.0,252.0,252.0,252.0
316,269.0,269.0,269.0,269.0,269.0,269.0,268.0,268.0,268.0,268.0
317,245.0,247.0,246.0,247.0,248.0,246.0,246.0,246.0,246.0,248.0
318,260.0,261.0,260.0,260.0,258.0,261.0,261.0,259.0,260.0,259.0
319,247.0,248.0,246.0,247.0,248.0,247.0,249.0,249.0,247.0,248.0
320,263.0,263.0,265.0,266.0,263.0,264.0,264.0,264.0,266.0,263.0
321,238.0,238.0,240.0,240.0,238.0,242.0,240.0,240.0,239.0,239.0
322,252.0,252.0,253.0,252.0,253.0,253.0,252.0,253.0,252.0,251.0
323,242.0,243.0,243.0,243.0,241.0,242.0,244.0,243.0,243.0,242.0
324,231.0,233.0,231.0,231.0,231.0,229.0,231.0,230.0,233.0,230.0
325,246.0,245.0,244.0,247.0,247.0,245.0,244.0,246.0,245.0,244.0
326,243.0,244.0,243.0,244.0,243.0,242.0,241.0,244.0,243.0,242.0
327,231.0,232.0,232.0,233.0,233.0,231.0,231.0,233.0,233.0,232.0
328,245.0,242.0,244.0,243.0,244.0,243.0,244.0,245.0,244.0,244.0
329,251.0,249.0,252.0,249.0,251.0,250.0,250.0,251.0,249.0,249.0
330,254.0,254.0,254.0,253.0,255.0,253.0,253.0,251.0,254.0,253.0
331,269.0,270.0,271.0,268.0,270.0,268.0,272.0,270.0,269.0,270.0
332,261.0,259.0,261.0,259.0,261.0,260.0,260.0,261.0,260.0,261.0
333,242.0,243.0,242.0,242.0,246.0,242.0,240.0,242.0,243.0,241.0
334,244.0,245.0,243.0,243.0,243.0,243.0,244.0,244.0,243.0,243.0
335,257.0,256.0,256.0,257.0,257.0,256.0,257.0,258.0,256.0,257.0
336,228.0,227.0,228.0,227.0,227.0,226.0,228.0,229.0,229.0,227.0
337,265.0,262.0,263.0,263.0,263.0,266.0,264.0,264.0,264.0,262.0
338,247.0,249.0,248.0,249.0,249.0,251.0,251.0,249.0,247.0,248.0
339,265.0,264.0,263.0,265.0,264.0,264.0,263.0,266.0,264.0,265.0
340,239.0,239.0,240.0,240.0,240.0,238.0,239.0,242.0,239.0,240.0
341,238.0,239.0,238.0,239.0,238.0,239.0,238.0,239.0,241.0,239.0
342,263.0,262.0,262.0,262.0,262.0,261.0,263.0,263.0,260.0,261.0
343,253.0,252.0,254.0,255.0,254.0,253.0,254.0,254.0,255.0,255.0
344,234.0,233.0,234.0,232.0,233.0,233.0,232.0,235.0,233.0,233.0
345,256.0,257.0,256.0,256.0,258.0,256.0,255.0,256.0,256.0,257.0
346,257.0,256.0,256.0,255.0,256.0,255.0,256.0,256.0,255.0,256.0
347,256.0,258.0,257.0,257.0,256.0,259.0,255.0,257.0,257.0,256.0
348,266.0,267.0,267.0,266.0,266.0,264.0,266.0,267.0,266.0,266.0
349,250.0,251.0,252.0,253.0,253.0,251.0,254.0,253.0,253.0,252.0
350,250.0,251.0,251.0,249.0,251.0,252.0,250.0,251.0,251.0,251.0
351,242.0,242.0,242.0,243.0,244.0,244.0,245.0,244.0,244.0,245.0
352,257.0,257.0,257.0,256.0,256.0,257.0,256.0,257.0,257.0,256.0
353,264.0,266.0,265.0,264.0,264.0,266.0,264.0,266.0,263.0,265.0
354,263.0,263.0,262.0,262.0,263.0,265.0,265.0,262.0,261.0,264.0
355,251.0,252.0,251.0,253.0,252.0,251.0,251.0,251.0,251.0,250.0
356,267.0,268.0,267.0,267.0,268.0,268.0,268.0,269.0,269.0,269.0
357,258.0,258.0,259.0,260.0,258.0,257.0,258.0,259.0,257.0,258.0
358,253.0,252.0,253.0,253.0,253.0,252.0,254.0,254.0,252.0,255.0
359,258.0,255.0,258.0,259.0,260.0,258.0,259.0,258.0,259.0,257.0
360,252.0,253.0,253.0,254.0,252.0,252.0,252.0,252.0,253.0,253.0
361,244.0,242.0,243.0,244.0,244.0,245.0,243.0,243.0,246.0,244.0
362,248.0,249.0,249.0,249.0,249.0,250.0,250.0,251.0,250.0,250.0
363,267.0,270.0,268.0,270.0,271.0,270.0,271.0,271.0,270.0,269.0
364,244.0,244.0,244.0,244.0,245.0,243.0,245.0,244.0,243.0,244.0
365,231.0,231.0,230.0,230.0,231.0,231.0,230.0,232.0,231.0,230.0
366,253.0,253.0,251.0,253.0,253.0,251.0,253.0,255.0,252.0,253.0
367,255.0,253.0,255.0,256.0,255.0,257.0,254.0,255.0,256.0,254.0
368,253.0,254.0,253.0,254.0,255.0,253.0,252.0,251.0,254.0,253.0
369,246.0,249.0,247.0,247.0,248.0,248.0,249.0,247.0,248.0,248.0
370,242.0,243.0,243.0,242.0,244.0,245.0,243.0,243.0,243.0,244.0
371,243.0,243.0,242.0,242.0,242.0,242.0,243.0,243.0,242.0,244.0
372,262.0,262.0,262.0,260.0,261.0,259.0,260.0,262.0,261.0,260.0
373,249.0,248.0,249.0,248.0,250.0,250.0,249.0,246.0,248.0,248.0
374,259.0,258.0,260.0,259.0,258.0,257.0,260.0,257.0,258.0,259.0
375,246.0,246.0,246.0,246.0,248.0,244.0,247.0,248.0,247.0,246.0
376,242.0,244.0,245.0,240.0,242.0,241.0,242.0,242.0,243.0,242.0
377,254.0,255.0,254.0,255.0,253.0,256.0,255.0,255.0,253.0,254.0
378,243.0,241.0,243.0,242.0,242.0,242.0,242.0,243.0,243.0,242.0
379,263.0,260.0,260.0,262.0,260.0,259.0,262.0,262.0,259.0,260.0
380,252.0,252.0,251.0,252.0,252.0,251.0,252.0,253.0,252.0,252.0
381,251.0,252.0,252.0,250.0,252.0,251.0,252.0,251.0,251.0,251.0
382,248.0,248.0,245.0,247.0,247.0,246.0,248.0,248.0,247.0,245.0
383,260.0,261.0,261.0,260.0,261.0,261.0,260.0,261.0,262.0,260.0
384,234.0,236.0,235.0,235.0,237.0,235.0,237.0,237.0,236.0,235.0
385,257.0,259.0,258.0,255.0,258.0,258.0,258.0,258.0,258.0,258.0
386,250.0,250.0,251.0,251.0,252.0,252.0,252.0,251.0,251.0,250.0
387,243.0,243.0,243.0,242.0,243.0,243.0,245.0,243.0,242.0,242.0
388,246.0,242.0,244.0,244.0,245.0,245.0,244.0,245.0,245.0,245.0
389,259.0,258.0,257.0,257.0,256.0,257.0,256.0,259.0,258.0,256.0
390,252.0,249.0,249.0,249.0,249.0,251.0,249.0,251.0,250.0,251.0
391,254.0,254.0,255.0,253.0,254.0,255.0,254.0,254.0,255.0,254.0
392,257.0,259.0,258.0,260.0,257.0,260.0,259.0,259.0,259.0,258.0
393,255.0,256.0,255.0,257.0,257.0,256.0,256.0,256.0,257.0,257.0
394,244.0,243.0,244.0,243.0,244.0,244.0,243.0,246.0,242.0,244.0
395,249.0,249.0,250.0,249.0,250.0,249.0,250.0,251.0,250.0,250.0
396,244.0,243.0,244.0,244.0,244.0,242.0,243.0,243.0,244.0,244.0
397,262.0,262.0,264.0,263.0,263.0,261.0,265.0,262.0,264.0,264.0
398,245.0,248.0,247.0,248.0,247.0,247.0,245.0,247.0,246.0,247.0
399,260.0,259.0,256.0,259.0,258.0,261.0,259.0,259.0,259.0,259.0
400,234.0,235.0,234.0,237.0,234.0,235.0,235.0,235.0,236.0,234.0
401,263.0,264.0,264.0,262.0,262.0,263.0,264.0,264.0,264.0,264.0
402,257.0,254.0,256.0,256.0,256.0,255.0,255.0,256.0,256.0,256.0
403,254.0,253.0,254.0,254.0,252.0,252.0,253.0,253.0,253.0,252.0
404,245.0,242.0,245.0,244.0,244.0,244.0,242.0,245.0,243.0,245.0
405,254.0,253.0,251.0,251.0,253.0,252.0,253.0,252.0,252.0,254.0
406,266.0,265.0,267.0,266.0,266.0,265.0,267.0,266.0,265.0,264.0
407,253.0,254.0,254.0,253.0,254.0,255.0,255.0,254.0,251.0,255.0
408,245.0,243.0,244.0,244.0,244.0,244.0,243.0,243.0,242.0,243.0
409,248.0,249.0,249.0,249.0,247.0,248.0,249.0,249.0,248.0,247.0
410,249.0,249.0,248.0,249.0,250.0,248.0,249.0,247.0,249.0,247.0
411,256.0,255.0,256.0,258.0,256.0,257.0,255.0,258.0,255.0,256.0
412,272.0,271.0,270.0,271.0,271.0,270.0,270.0,271.0,271.0,270.0
413,259.0,260.0,261.0,259.0,259.0,259.0,260.0,260.0,262.0,260.0
414,235.0,236.0,234.0,233.0,234.0,234.0,235.0,233.0,234.0,235.0
415,244.0,246.0,245.0,247.0,244.0,246.0,244.0,244.0,245.0,244.0
416,239.0,237.0,237.0,237.0,235.0,237.0,236.0,238.0,237.0,236.0
417,244.0,241.0,242.0,241.0,241.0,242.0,243.0,242.0,241.0,242.0
418,232.0,233.0,232.0,234.0,230.0,232.0,230.0,231.0,232.0,231.0
419,264.0,261.0,262.0,264.0,264.0,264.0,262.0,262.0,263.0,264.0
420,256.0,256.0,256.0,255.0,254.0,256.0,256.0,255.0,254.0,255.0
421,236.0,236.0,239.0,239.0,238.0,238.0,238.0,238.0,237.0,239.0
422,252.0,252.0,251.0,251.0,250.0,253.0,252.0,252.0,253.0,253.0
423,238.0,239.0,237.0,238.0,237.0,237.0,236.0,239.0,235.0,237.0
424,261.0,263.0,264.0,263.0,264.0,263.0,262.0,263.0,263.0,264.0
425,245.0,245.0,245.0,246.0,245.0,244.0,245.0,246.0,246.0,246.0
426,241.0,242.0,241.0,244.0,242.0,242.0,243.0,244.0,241.0,241.0
427,219.0,218.0,219.0,219.0,219.0,218.0,218.0,219.0,220.0,219.0
428,240.0,238.0,239.0,238.0,237.0,240.0,238.0,239.0,238.0,239.0
429,234.0,231.0,233.0,231.0,233.0,233.0,234.0,233.0,233.0,235.0
430,244.0,243.0,245.0,244.0,245.0,242.0,243.0,242.0,243.0,243.0
431,247.0,246.0,248.0,247.0,247.0,248.0,247.0,247.0,248.0,246.0
432,252.0,252.0,254.0,252.0,253.0,253.0,254.0,254.0,254.0,254.0
433,247.0,247.0,249.0,246.0,247.0,248.0,247.0,249.0,248.0,250.0
434,258.0,255.0,257.0,257.0,259.0,257.0,258.0,258.0,257.0,256.0
435,248.0,247.0,246.0,245.0,248.0,248.0,247.0,247.0,247.0,248.0
436,241.0,240.0,241.0,239.0,242.0,241.0,241.0,240.0,240.0,242.0
437,233.0,235.0,235.0,232.0,234.0,235.0,236.0,233.0,234.0,235.0
438,264.0,264.0,265.0,265.0,264.0,263.0,263.0,263.0,266.0,261.0
439,239.0,241.0,240.0,241.0,241.0,240.0,241.0,239.0,239.0,240.0
440,252.0,255.0,253.0,254.0,253.0,254.0,253.0,253.0,253.0,253.0
441,240.0,243.0,241.0,242.0,242.0,242.0,243.0,243.0,242.0,242.0
442,229.0,229.0,232.0,232.0,231.0,229.0,231.0,229.0,230.0,228.0
443,257.0,257.0,258.0,259.0,258.0,257.0,257.0,259.0,256.0,257.0
444,243.0,244.0,246.0,245.0,247.0,246.0,246.0,246.0,246.0,247.0
445,238.0,238.0,239.0,238.0,239.0,238.0,238.0,240.0,237.0,238.0
446,254.0,256.0,257.0,255.0,255.0,256.0,256.0,253.0,256.0,255.0
447,251.0,250.0,252.0,251.0,251.0,251.0,250.0,250.0,250.0,253.0
448,253.0,251.0,255.0,252.0,252.0,252.0,251.0,253.0,251.0,252.0
449,257.0,260.0,255.0,258.0,255.0,258.0,258.0,256.0,257.0,257.0
450,263.0,263.0,264.0,264.0,263.0,264.0,263.0,264.0,263.0,261.0
451,248.0,248.0,248.0,248.0,250.0,248.0,248.0,250.0,248.0,249.0
452,262.0,262.0,262.0,261.0,260.0,261.0,263.0,262.0,259.0,262.0
453,241.0,242.0,242.0,242.0,241.0,241.0,244.0,241.0,241.0,243.0
454,261.0,262.0,258.0,260.0,261.0,259.0,259.0,259.0,259.0,259.0
455,246.0,246.0,245.0,246.0,246.0,247.0,246.0,247.0,245.0,244.0
456,233.0,234.0,232.0,233.0,234.0,232.0,232.0,232.0,233.0,234.0
457,255.0,253.0,256.0,256.0,256.0,255.0,255.0,255.0,257.0,258.0
458,253.0,254.0,252.0,251.0,254.0,253.0,255.0,254.0,254.0,252.0
459,267.0,266.0,268.0,269.0,267.0,267.0,265.0,267.0,266.0,267.0
460,233.0,234.0,233.0,232.0,232.0,234.0,233.0,232.0,235.0,234.0
461,244.0,244.0,245.0,244.0,244.0,246.0,243.0,245.0,244.0,245.0
462,249.0,249.0,249.0,250.0,248.0,249.0,249.0,249.0,250.0,250.0
463,267.0,267.0,267.0,267.0,267.0,266.0,266.0,267.0,267.0,267.0
464,249.0,249.0,247.0,246.0,249.0,249.0,246.0,248.0,248.0,247.0
465,249.0,247.0,249.0,249.0,249.0,248.0,248.0,248.0,248.0,251.0
466,253.0,250.0,251.0,253.0,252.0,254.0,250.0,254.0,252.0,251.0
467,262.0,261.0,262.0,262.0,262.0,261.0,262.0,262.0,262.0,262.0
468,255.0,255.0,254.0,255.0,253.0,254.0,253.0,253.0,253.0,253.0
469,255.0,254.0,254.0,255.0,255.0,256.0,255.0,257.0,256.0,256.0
470,251.0,251.0,253.0,254.0,253.0,253.0,253.0,252.0,253.0,252.0
471,259.0,257.0,258.0,258.0,259.0,259.0,257.0,260.0,258.0,259.0
472,252.0,252.0,254.0,254.0,252.0,254.0,253.0,252.0,252.0,255.0
473,264.0,262.0,262.0,260.0,263.0,263.0,263.0,262.0,262.0,263.0
474,249.0,247.0,247.0,248.0,247.0,249.0,248.0,248.0,250.0,249.0
475,249.0,250.0,251.0,248.0,252.0,249.0,250.0,250.0,250.0,250.0
476,226.0,227.0,225.0,227.0,227.0,226.0,226.0,225.0,225.0,226.0
477,240.0,243.0,241.0,240.0,242.0,240.0,239.0,242.0,239.0,242.0
478,258.0,259.0,261.0,259.0,261.0,259.0,260.0,258.0,260.0,261.0
479,249.0,250.0,249.0,249.0,250.0,248.0,248.0,249.0,250.0,250.0
480,261.0,260.0,259.0,261.0,259.0,261.0,260.0,261.0,260.0,259.0
481,238.0,240.0,239.0,238.0,239.0,240.0,240.0,242.0,239.0,239.0
482,257.0,258.0,256.0,256.0,256.0,257.0,257.0,258.0,256.0,257.0
483,258.0,258.0,259.0,259.0,259.0,261.0,259.0,259.0,258.0,259.0
484,252.0,252.0,254.0,254.0,253.0,253.0,252.0,254.0,254.0,253.0
485,245.0,242.0,247.0,246.0,244.0,245.0,246.0,245.0,245.0,245.0
486,259.0,260.0,259.0,257.0,259.0,258.0,259.0,261.0,258.0,260.0
487,231.0,232.0,231.0,231.0,233.0,232.0,231.0,232.0,232.0,231.0
488,246.0,247.0,246.0,245.0,246.0,244.0,245.0,245.0,246.0,247.0
489,238.0,236.0,235.0,238.0,237.0,235.0,234.0,237.0,237.0,235.0
490,254.0,254.0,253.0,252.0,253.0,254.0,253.0,254.0,253.0,253.0
491,252.0,252.0,254.0,256.0,253.0,252.0,254.0,252.0,253.0,253.0
492,248.0,248.0,248.0,247.0,249.0,249.0,247.0,248.0,251.0,248.0
493,245.0,245.0,245.0,243.0,245.0,246.0,244.0,245.0,245.0,245.0
494,270.0,271.0,271.0,272.0,270.0,272.0,271.0,271.0,268.0,269.0
495,252.0,253.0,252.0,251.0,251.0,253.0,252.0,251.0,251.0,252.0
496,254.0,255.0,255.0,255.0,254.0,254.0,255.0,253.0,252.0,254.0
497,249.0,249.0,249.0,248.0,248.0,249.0,251.0,250.0,246.0,249.0
498,230.0,232.0,232.0,231.0,230.0,233.0,230.0,232.0,231.0,231.0
499,252.0,254.0,253.0,252.0,254.0,251.0,252.0,253.0,254.0,253.0
500,263.0,262.0,261.0,263.0,262.0,260.0,262.0,263.0,262.0,262.0
501,241.0,242.0,239.0,241.0,241.0,242.0,241.0,241.0,242.0,240.0
502,254.0,253.0,252.0,254.0,254.0,252.0,251.0,252.0,253.0,255.0
503,258.0,257.0,256.0,258.0,258.0,256.0,257.0,256.0,258.0,256.0
504,264.0,264.0,262.0,263.0,261.0,262.0,261.0,261.0,262.0,262.0
505,253.0,253.0,255.0,254.0,254.0,254.0,252.0,256.0,255.0,253.0
506,252.0,253.0,252.0,251.0,253.0,251.0,252.0,253.0,253.0,251.0
507,239.0,241.0,239.0,240.0,239.0,241.0,242.0,240.0,241.0,240.0
508,246.0,249.0,248.0,249.0,246.0,245.0,249.0,247.0,248.0,247.0
509,253.0,255.0,254.0,256.0,255.0,254.0,254.0,257.0,254.0,255.0
510,235.0,238.0,235.0,235.0,236.0,235.0,236.0,236.0,234.0,236.0
511,250.0,250.0,250.0,250.0,249.0,250.0,249.0,248.0,250.0,250.0
512,252.0,253.0,255.0,256.0,256.0,254.0,255.0,255.0,254.0,255.0
513,261.0,259.0,261.0,261.0,261.0,259.0,260.0,261.0,261.0,262.0
514,234.0,234.0,236.0,237.0,235.0,236.0,236.0,235.0,235.0,236.0
515,230.0,231.0,232.0,231.0,229.0,231.0,231.0,231.0,231.0,232.0
516,249.0,250.0,251.0,252.0,249.0,251.0,249.0,251.0,250.0,250.0
517,265.0,264.0,264.0,265.0,267.0,265.0,266.0,265.0,265.0,266.0
518,234.0,232.0,231.0,231.0,230.0,233.0,231.0,233.0,234.0,232.0
519,250.0,246.0,248.0,249.0,248.0,249.0,249.0,247.0,247.0,248.0
520,256.0,255.0,255.0,257.0,255.0,255.0,256.0,254.0,255.0,255.0
521,238.0,237.0,241.0,238.0,240.0,239.0,239.0,240.0,239.0,240.0
522,252.0,249.0,250.0,251.0,252.0,251.0,249.0,249.0,251.0,251.0
523,250.0,251.0,251.0,252.0,253.0,251.0,251.0,250.0,251.0,249.0
524,255.0,257.0,257.0,258.0,257.0,258.0,257.0,257.0,257.0,258.0
525,260.0,260.0,259.0,257.0,258.0,259.0,258.0,258.0,259.0,259.0
526,236.0,237.0,236.0,237.0,238.0,236.0,237.0,239.0,237.0,236.0
527,253.0,251.0,252.0,251.0,253.0,253.0,252.0,252.0,252.0,251.0
528,251.0,253.0,252.0,253.0,252.0,252.0,253.0,255.0,253.0,254.0
529,248.0,249.0,248.0,247.0,247.0,249.0,250.0,247.0,250.0,246.0
530,249.0,251.0,251.0,250.0,248.0,251.0,252.0,252.0,250.0,251.0
531,228.0,227.0,227.0,226.0,229.0,229.0,228.0,226.0,228.0,229.0
532,250.0,250.0,249.0,249.0,251.0,250.0,250.0,249.0,249.0,250.0
533,243.0,243.0,244.0,242.0,243.0,244.0,244.0,241.0,242.0,242.0
534,253.0,254.0,254.0,252.0,255.0,252.0,254.0,254.0,254.0,255.0
535,247.0,249.0,246.0,247.0,247.0,247.0,246.0,248.0,247.0,249.0
536,262.0,264.0,262.0,261.0,261.0,260.0,261.0,261.0,260.0,260.0
537,255.0,254.0,252.0,252.0,252.0,253.0,255.0,255.0,254.0,255.0
538,248.0,249.0,249.0,248.0,249.0,247.0,248.0,248.0,249.0,250.0
539,257.0,257.0,255.0,257.0,256.0,257.0,256.0,256.0,256.0,256.0
540,248.0,249.0,249.0,248.0,250.0,249.0,250.0,249.0,250.0,250.0
541,252.0,251.0,254.0,252.0,251.0,254.0,252.0,253.0,251.0,251.0
542,223.0,221.0,223.0,222.0,223.0,222.0,222.0,224.0,224.0,224.0
543,240.0,240.0,241.0,240.0,240.0,239.0,239.0,243.0,238.0,238.0
544,252.0,254.0,254.0,256.0,256.0,255.0,256.0,254.0,253.0,256.0
545,254.0,255.0,254.0,253.0,254.0,254.0,252.0,255.0,253.0,253.0
546,243.0,243.0,243.0,244.0,242.0,243.0,244.0,243.0,243.0,245.0
547,270.0,268.0,270.0,270.0,271.0,273.0,270.0,272.0,271.0,269.0
548,241.0,241.0,241.0,244.0,242.0,243.0,243.0,242.0,243.0,243.0
549,241.0,240.0,239.0,240.0,239.0,239.0,240.0,240.0,239.0,240.0
550,241.0,240.0,240.0,240.0,239.0,240.0,241.0,240.0,241.0,240.0
551,255.0,255.0,256.0,256.0,256.0,255.0,257.0,255.0,257.0,255.0
552,246.0,247.0,246.0,248.0,248.0,246.0,246.0,248.0,246.0,248.0
553,260.0,260.0,259.0,259.0,259.0,259.0,259.0,261.0,261.0,261.0
554,254.0,256.0,254.0,256.0,256.0,255.0,255.0,255.0,253.0,257.0
555,242.0,238.0,240.0,242.0,241.0,240.0,238.0,242.0,240.0,240.0
556,244.0,242.0,244.0,243.0,241.0,244.0,242.0,244.0,243.0,241.0
557,254.0,252.0,253.0,254.0,254.0,253.0,254.0,252.0,253.0,252.0
558,246.0,247.0,247.0,247.0,249.0,246.0,246.0,248.0,247.0,247.0
559,242.0,244.0,242.0,242.0,242.0,240.0,241.0,244.0,241.0,241.0
560,263.0,263.0,262.0,263.0,261.0,261.0,263.0,262.0,262.0,263.0
561,266.0,268.0,266.0,267.0,267.0,269.0,268.0,267.0,267.0,266.0
562,249.0,246.0,248.0,247.0,247.0,247.0,248.0,249.0,247.0,247.0
563,255.0,254.0,253.0,254.0,255.0,254.0,253.0,256.0,257.0,254.0
564,226.0,228.0,227.0,229.0,228.0,228.0,230.0,227.0,229.0,228.0
565,258.0,260.0,259.0,260.0,259.0,260.0,260.0,259.0,260.0,260.0
566,248.0,248.0,249.0,247.0,247.0,247.0,247.0,247.0,250.0,247.0
567,247.0,246.0,246.0,248.0,246.0,246.0,248.0,248.0,246.0,249.0
568,260.0,261.0,261.0,260.0,260.0,261.0,261.0,259.0,259.0,258.0
569,236.0,237.0,236.0,238.0,236.0,238.0,238.0,236.0,236.0,238.0
570,240.0,240.0,238.0,239.0,237.0,237.0,240.0,238.0,240.0,238.0
571,240.0,239.0,238.0,237.0,238.0,237.0,239.0,239.0,240.0,239.0
572,266.0,264.0,264.0,263.0,264.0,261.0,264.0,261.0,263.0,264.0
573,248.0,247.0,248.0,246.0,249.0,247.0,248.0,247.0,246.0,247.0
574,248.0,248.0,249.0,247.0,248.0,249.0,248.0,248.0,246.0,248.0
575,246.0,247.0,246.0,246.0,247.0,246.0,247.0,249.0,246.0,246.0
576,258.0,258.0,256.0,259.0,257.0,259.0,259.0,258.0,258.0,258.0
577,246.0,246.0,247.0,246.0,247.0,247.0,246.0,246.0,247.0,245.0
578,244.0,245.0,244.0,243.0,244.0,243.0,243.0,243.0,245.0,243.0
579,252.0,252.0,253.0,254.0,254.0,253.0,252.0,253.0,254.0,252.0
580,259.0,259.0,260.0,260.0,261.0,258.0,257.0,259.0,257.0,259.0
581,246.0,246.0,246.0,246.0,246.0,245.0,246.0,245.0,247.0,246.0
582,254.0,254.0,253.0,252.0,255.0,252.0,252.0,253.0,253.0,251.0
583,263.0,262.0,261.0,263.0,260.0,263.0,262.0,261.0,262.0,264.0
584,252.0,250.0,250.0,248.0,252.0,251.0,251.0,249.0,250.0,251.0
585,251.0,248.0,249.0,250.0,248.0,250.0,250.0,248.0,251.0,249.0
586,240.0,242.0,240.0,242.0,243.0,240.0,242.0,241.0,241.0,241.0
587,263.0,263.0,263.0,265.0,263.0,264.0,263.0,263.0,263.0,265.0
588,257.0,258.0,256.0,258.0,258.0,258.0,257.0,259.0,258.0,257.0
589,266.0,269.0,268.0,268.0,267.0,267.0,269.0,270.0,268.0,267.0
590,252.0,254.0,254.0,254.0,253.0,253.0,253.0,253.0,253.0,252.0
591,254.0,257.0,256.0,257.0,256.0,255.0,257.0,254.0,256.0,256.0
592,251.0,252.0,254.0,253.0,253.0,255.0,253.0,252.0,252.0,253.0
593,251.0,249.0,251.0,250.0,251.0,250.0,250.0,251.0,249.0,251.0
594,243.0,242.0,245.0,245.0,244.0,245.0,244.0,245.0,243.0,242.0
595,255.0,257.0,254.0,256.0,257.0,254.0,256.0,256.0,257.0,256.0
596,258.0,259.0,257.0,257.0,259.0,260.0,259.0,259.0,259.0,258.0
597,237.0,236.0,234.0,236.0,235.0,236.0,237.0,234.0,235.0,237.0
598,255.0,254.0,256.0,254.0,254.0,253.0,252.0,255.0,256.0,254.0
599,244.0,245.0,246.0,245.0,244.0,244.0,244.0,245.0,245.0,246.0
600,254.0,255.0,255.0,255.0,256.0,257.0,256.0,256.0,253.0,255.0
601,258.0,260.0,258.0,259.0,262.0,260.0,259.0,260.0,261.0,260.0
602,255.0,256.0,254.0,257.0,255.0,257.0,256.0,255.0,257.0,255.0
603,236.0,235.0,240.0,235.0,236.0,236.0,239.0,237.0,238.0,238.0
604,258.0,257.0,258.0,257.0,258.0,258.0,257.0,257.0,258.0,259.0
605,241.0,242.0,242.0,242.0,240.0,240.0,242.0,240.0,240.0,241.0
606,260.0,260.0,258.0,260.0,259.0,260.0,261.0,259.0,260.0,260.0
607,266.0,267.0,267.0,266.0,266.0,264.0,265.0,264.0,266.0,267.0
608,286.0,284.0,286.0,287.0,287.0,285.0,287.0,287.0,285.0,288.0
609,259.0,260.0,260.0,260.0,261.0,262.0,260.0,260.0,259.0,261.0
610,253.0,257.0,255.0,253.0,253.0,256.0,254.0,254.0,254.0,255.0
611,260.0,258.0,261.0,261.0,262.0,261.0,259.0,262.0,260.0,261.0
612,240.0,239.0,241.0,240.0,240.0,240.0,240.0,240.0,240.0,239.0
613,239.0,239.0,237.0,238.0,239.0,238.0,239.0,238.0,237.0,240.0
614,242.0,243.0,242.0,243.0,242.0,242.0,242.0,245.0,242.0,242.0
615,266.0,265.0,265.0,268.0,266.0,265.0,266.0,265.0,266.0,267.0
616,239.0,241.0,241.0,241.0,240.0,240.0,241.0,240.0,239.0,239.0
617,244.0,245.0,244.0,245.0,245.0,245.0,246.0,245.0,246.0,244.0
618,246.0,248.0,248.0,248.0,248.0,248.0,248.0,247.0,248.0,248.0
619,236.0,239.0,240.0,239.0,239.0,240.0,241.0,240.0,241.0,239.0
620,264.0,264.0,264.0,263.0,264.0,264.0,265.0,263.0,264.0,265.0
621,265.0,266.0,264.0,265.0,262.0,262.0,265.0,263.0,265.0,263.0
622,231.0,233.0,232.0,231.0,231.0,233.0,232.0,232.0,231.0,233.0
623,246.0,244.0,245.0,246.0,245.0,247.0,246.0,243.0,244.0,243.0
624,250.0,250.0,250.0,252.0,249.0,249.0,252.0,251.0,252.0,251.0
625,247.0,246.0,245.0,246.0,246.0,246.0,245.0,247.0,246.0,246.0
626,243.0,245.0,244.0,245.0,246.0,245.0,243.0,244.0,244.0,241.0
627,252.0,250.0,252.0,250.0,251.0,251.0,251.0,251.0,251.0,251.0
628,244.0,247.0,245.0,244.0,243.0,246.0,244.0,244.0,244.0,245.0
629,248.0,247.0,249.0,249.0,250.0,250.0,248.0,249.0,251.0,247.0
630,259.0,260.0,259.0,259.0,260.0,260.0,258.0,260.0,261.0,259.0
631,222.0,222.0,221.0,221.0,222.0,220.0,223.0,221.0,221.0,222.0
632,239.0,240.0,240.0,240.0,239.0,240.0,241.0,237.0,240.0,240.0
633,244.0,243.0,242.0,244.0,243.0,243.0,242.0,242.0,242.0,244.0
634,249.0,248.0,248.0,247.0,246.0,247.0,248.0,245.0,247.0,248.0
635,245.0,246.0,247.0,247.0,248.0,246.0,248.0,245.0,247.0,246.0
636,245.0,245.0,246.0,245.0,244.0,245.0,247.0,247.0,246.0,246.0
637,236.0,237.0,236.0,236.0,236.0,236.0,236.0,235.0,236.0,238.0
638,245.0,246.0,244.0,246.0,243.0,245.0,246.0,244.0,245.0,247.0
639,240.0,242.0,243.0,242.0,241.0,242.0,244.0,243.0,243.0,242.0
640,232.0,232.0,232.0,234.0,231.0,233.0,229.0,232.0,230.0,232.0
641,246.0,245.0,247.0,247.0,245.0,246.0,245.0,247.0,247.0,246.0
642,250.0,249.0,251.0,248.0,250.0,252.0,250.0,251.0,249.0,249.0
643,251.0,250.0,248.0,252.0,249.0,249.0,249.0,248.0,249.0,248.0
644,258.0,256.0,254.0,256.0,257.0,256.0,255.0,258.0,257.0,256.0
645,251.0,253.0,255.0,251.0,253.0,252.0,253.0,253.0,253.0,252.0
646,262.0,258.0,259.0,258.0,258.0,258.0,257.0,258.0,258.0,260.0
647,263.0,264.0,264.0,265.0,264.0,264.0,265.0,266.0,263.0,264.0
648,252.0,253.0,252.0,253.0,251.0,252.0,252.0,253.0,252.0,254.0
649,231.0,230.0,231.0,232.0,232.0,232.0,231.0,232.0,232.0,232.0
650,258.0,257.0,258.0,257.0,257.0,257.0,257.0,257.0,258.0,257.0
651,243.0,243.0,243.0,243.0,242.0,244.0,243.0,242.0,244.0,244.0
652,262.0,261.0,262.0,260.0,261.0,262.0,261.0,261.0,262.0,260.0
653,244.0,244.0,244.0,242.0,243.0,244.0,244.0,243.0,243.0,244.0
654,247.0,247.0,246.0,247.0,248.0,249.0,248.0,247.0,248.0,246.0
655,255.0,254.0,254.0,255.0,255.0,253.0,255.0,255.0,255.0,254.0
656,248.0,249.0,248.0,250.0,249.0,248.0,248.0,247.0,248.0,247.0
657,247.0,246.0,246.0,245.0,246.0,246.0,244.0,246.0,246.0,247.0
658,253.0,252.0,254.0,253.0,253.0,254.0,251.0,251.0,253.0,253.0
659,261.0,259.0,259.0,258.0,260.0,257.0,260.0,259.0,258.0,260.0
660,251.0,251.0,251.0,253.0,252.0,250.0,251.0,251.0,251.0,250.0
661,249.0,251.0,250.0,249.0,250.0,249.0,250.0,250.0,250.0,248.0
662,242.0,242.0,243.0,241.0,241.0,242.0,243.0,242.0,242.0,241.0
663,254.0,251.0,251.0,252.0,253.0,251.0,249.0,253.0,253.0,252.0
664,271.0,271.0,271.0,271.0,271.0,270.0,270.0,269.0,272.0,271.0
665,262.0,263.0,265.0,265.0,264.0,264.0,264.0,264.0,264.0,264.0
666,226.0,224.0,226.0,223.0,225.0,224.0,225.0,225.0,225.0,224.0
667,223.0,220.0,222.0,221.0,223.0,222.0,222.0,223.0,224.0,222.0
668,236.0,235.0,234.0,233.0,235.0,235.0,233.0,235.0,234.0,235.0
669,264.0,264.0,264.0,263.0,265.0,263.0,263.0,263.0,265.0,264.0
670,239.0,239.0,239.0,238.0,238.0,239.0,237.0,238.0,239.0,240.0
671,248.0,246.0,248.0,246.0,246.0,247.0,246.0,248.0,248.0,247.0
672,246.0,249.0,247.0,246.0,246.0,247.0,247.0,245.0,247.0,245.0
673,246.0,249.0,246.0,248.0,247.0,248.0,247.0,248.0,248.0,246.0
674,237.0,237.0,237.0,236.0,237.0,237.0,236.0,240.0,238.0,237.0
675,237.0,236.0,238.0,239.0,239.0,237.0,238.0,238.0,238.0,236.0
676,234.0,235.0,236.0,235.0,235.0,235.0,234.0,235.0,236.0,237.0
677,270.0,272.0,271.0,271.0,271.0,271.0,272.0,272.0,271.0,272.0
678,231.0,233.0,231.0,232.0,231.0,233.0,232.0,233.0,233.0,231.0
679,254.0,254.0,253.0,253.0,255.0,253.0,253.0,255.0,254.0,254.0
680,224.0,226.0,226.0,225.0,225.0,223.0,225.0,226.0,227.0,226.0
681,236.0,236.0,233.0,235.0,235.0,234.0,235.0,235.0,236.0,233.0
682,257.0,253.0,255.0,257.0,255.0,256.0,257.0,257.0,255.0,256.0
683,252.0,250.0,249.0,251.0,252.0,249.0,251.0,250.0,250.0,249.0
684,259.0,256.0,258.0,257.0,258.0,258.0,258.0,257.0,255.0,257.0
685,254.0,252.0,253.0,253.0,251.0,251.0,252.0,252.0,251.0,252.0
686,247.0,247.0,248.0,248.0,248.0,247.0,248.0,249.0,249.0,248.0
687,246.0,247.0,247.0,246.0,249.0,248.0,247.0,246.0,246.0,246.0
688,246.0,247.0,246.0,245.0,246.0,246.0,245.0,248.0,247.0,246.0
689,265.0,262.0,266.0,263.0,262.0,263.0,264.0,263.0,262.0,265.0
690,255.0,255.0,253.0,254.0,253.0,255.0,253.0,253.0,255.0,254.0
691,246.0,247.0,244.0,243.0,244.0,246.0,244.0,246.0,245.0,245.0
692,240.0,238.0,238.0,238.0,240.0,239.0,240.0,241.0,238.0,239.0
693,261.0,261.0,260.0,262.0,259.0,261.0,262.0,262.0,261.0,261.0
694,254.0,252.0,254.0,253.0,251.0,253.0,253.0,252.0,253.0,254.0
695,250.0,250.0,249.0,250.0,251.0,249.0,252.0,250.0,251.0,249.0
696,245.0,246.0,246.0,245.0,246.0,246.0,246.0,246.0,247.0,247.0
697,246.0,245.0,246.0,247.0,245.0,245.0,247.0,245.0,247.0,246.0
698,244.0,244.0,245.0,246.0,246.0,245.0,245.0,245.0,247.0,245.0
699,244.0,243.0,246.0,241.0,241.0,243.0,244.0,241.0,244.0,241.0
700,235.0,234.0,235.0,236.0,234.0,235.0,235.0,235.0,236.0,234.0
701,260.0,262.0,262.0,259.0,260.0,259.0,261.0,261.0,260.0,261.0
702,249.0,248.0,249.0,248.0,249.0,250.0,250.0,250.0,247.0,246.0
703,246.0,244.0,245.0,245.0,243.0,242.0,244.0,243.0,243.0,243.0
704,246.0,246.0,244.0,248.0,245.0,245.0,247.0,248.0,246.0,245.0
705,255.0,253.0,254.0,254.0,252.0,255.0,254.0,257.0,253.0,255.0
706,244.0,245.0,244.0,245.0,245.0,245.0,245.0,246.0,245.0,245.0
707,257.0,258.0,256.0,255.0,255.0,256.0,257.0,259.0,255.0,257.0
708,252.0,253.0,252.0,250.0,251.0,252.0,251.0,250.0,253.0,251.0
709,242.0,243.0,243.0,243.0,243.0,243.0,242.0,244.0,243.0,242.0
710,239.0,239.0,238.0,238.0,238.0,241.0,239.0,237.0,237.0,239.0
711,247.0,246.0,249.0,246.0,244.0,247.0,249.0,248.0,248.0,248.0
712,266.0,265.0,265.0,267.0,266.0,267.0,266.0,265.0,267.0,265.0
713,255.0,255.0,254.0,254.0,256.0,253.0,253.0,254.0,254.0,253.0
714,244.0,245.0,243.0,244.0,245.0,243.0,243.0,243.0,244.0,244.0
715,234.0,230.0,232.0,231.0,233.0,233.0,229.0,233.0,231.0,233.0
716,248.0,247.0,249.0,248.0,249.0,248.0,249.0,248.0,247.0,247.0
717,258.0,256.0,258.0,257.0,258.0,256.0,256.0,256.0,258.0,258.0
718,249.0,247.0,248.0,246.0,247.0,247.0,246.0,247.0,247.0,246.0
719,246.0,246.0,248.0,245.0,247.0,246.0,245.0,247.0,248.0,247.0
720,243.0,246.0,245.0,245.0,245.0,244.0,244.0,244.0,244.0,245.0
721,262.0,260.0,261.0,261.0,261.0,261.0,259.0,263.0,261.0,259.0
722,255.0,253.0,254.0,256.0,253.0,253.0,254.0,256.0,253.0,256.0
723,252.0,252.0,252.0,252.0,252.0,251.0,253.0,252.0,252.0,252.0
724,261.0,260.0,260.0,261.0,259.0,259.0,258.0,259.0,258.0,260.0
725,250.0,250.0,249.0,251.0,252.0,251.0,249.0,251.0,248.0,249.0
726,258.0,259.0,259.0,257.0,260.0,257.0,259.0,259.0,259.0,258.0
727,269.0,271.0,269.0,270.0,270.0,270.0,269.0,268.0,270.0,270.0
728,257.0,258.0,257.0,256.0,256.0,257.0,256.0,258.0,255.0,256.0
729,271.0,270.0,270.0,270.0,271.0,270.0,269.0,272.0,271.0,269.0
730,234.0,236.0,237.0,234.0,234.0,234.0,234.0,236.0,234.0,235.0
731,261.0,260.0,258.0,261.0,260.0,261.0,260.0,260.0,259.0,261.0
732,231.0,232.0,231.0,232.0,232.0,230.0,231.0,231.0,231.0,232.0
733,261.0,259.0,261.0,260.0,261.0,259.0,260.0,262.0,262.0,262.0
734,244.0,246.0,248.0,248.0,246.0,247.0,244.0,246.0,246.0,244.0
735,236.0,235.0,237.0,235.0,237.0,234.0,235.0,235.0,237.0,235.0
736,249.0,249.0,249.0,249.0,249.0,251.0,250.0,249.0,248.0,251.0
737,254.0,255.0,255.0,254.0,255.0,256.0,255.0,255.0,255.0,255.0
738,248.0,247.0,248.0,248.0,250.0,245.0,249.0,249.0,249.0,249.0
739,252.0,251.0,251.0,252.0,250.0,253.0,250.0,251.0,251.0,251.0
740,254.0,256.0,254.0,255.0,257.0,257.0,256.0,256.0,255.0,256.0
741,251.0,251.0,251.0,252.0,255.0,252.0,253.0,252.0,250.0,253.0
742,259.0,260.0,259.0,258.0,258.0,258.0,260.0,259.0,260.0,258.0
743,247.0,248.0,247.0,248.0,246.0,249.0,247.0,248.0,247.0,245.0
744,231.0,231.0,231.0,231.0,232.0,229.0,231.0,233.0,231.0,233.0
745,241.0,241.0,242.0,240.0,242.0,241.0,242.0,242.0,241.0,239.0
746,238.0,242.0,239.0,241.0,240.0,240.0,239.0,240.0,240.0,239.0
747,251.0,251.0,249.0,250.0,250.0,250.0,252.0,249.0,253.0,250.0
748,243.0,245.0,244.0,246.0,244.0,245.0,243.0,243.0,244.0,244.0
749,255.0,254.0,254.0,253.0,254.0,256.0,253.0,254.0,254.0,255.0
750,263.0,263.0,263.0,264.0,264.0,264.0,264.0,263.0,262.0,262.0
751,247.0,248.0,248.0,248.0,247.0,248.0,247.0,247.0,248.0,249.0
752,247.0,247.0,249.0,248.0,246.0,247.0,248.0,248.0,249.0,249.0
753,254.0,256.0,255.0,254.0,254.0,256.0,255.0,255.0,255.0,255.0
754,256.0,256.0,255.0,254.0,254.0,255.0,256.0,254.0,254.0,255.0
755,251.0,252.0,254.0,251.0,252.0,251.0,251.0,253.0,252.0,251.0
756,255.0,254.0,255.0,254.0,255.0,254.0,255.0,256.0,254.0,254.0
757,252.0,251.0,249.0,249.0,250.0,250.0,251.0,249.0,250.0,251.0
758,245.0,245.0,246.0,245.0,247.0,246.0,246.0,245.0,246.0,246.0
759,252.0,253.0,252.0,254.0,253.0,253.0,252.0,251.0,252.0,252.0
760,244.0,244.0,241.0,242.0,243.0,244.0,243.0,243.0,242.0,241.0
761,255.0,256.0,253.0,254.0,255.0,257.0,255.0,253.0,254.0,255.0
762,286.0,285.0,285.0,286.0,286.0,288.0,286.0,286.0,287.0,286.0
763,236.0,237.0,237.0,238.0,238.0,236.0,237.0,237.0,237.0,238.0
764,270.0,269.0,267.0,268.0,267.0,267.0,269.0,268.0,268.0,268.0
765,242.0,243.0,244.0,244.0,242.0,242.0,244.0,241.0,242.0,243.0
766,246.0,244.0,245.0,244.0,245.0,245.0,244.0,244.0,245.0,245.0
767,246.0,246.0,245.0,247.0,248.0,247.0,245.0,244.0,246.0,247.0
768,267.0,268.0,269.0,269.0,268.0,269.0,267.0,268.0,268.0,270.0
769,255.0,255.0,255.0,256.0,255.0,254.0,256.0,257.0,255.0,254.0
770,259.0,258.0,260.0,260.0,260.0,257.0,259.0,258.0,260.0,259.0
771,271.0,271.0,272.0,272.0,271.0,274.0,273.0,274.0,270.0,273.0
772,253.0,254.0,255.0,255.0,254.0,253.0,254.0,253.0,255.0,254.0
773,241.0,240.0,242.0,242.0,241.0,241.0,242.0,238.0,240.0,241.0
774,246.0,248.0,249.0,248.0,249.0,246.0,250.0,250.0,248.0,248.0
775,242.0,241.0,243.0,243.0,242.0,244.0,240.0,242.0,242.0,242.0
776,249.0,248.0,250.0,249.0,249.0,249.0,249.0,251.0,249.0,248.0
777,246.0,248.0,249.0,246.0,248.0,246.0,247.0,246.0,246.0,249.0
778,259.0,258.0,258.0,259.0,260.0,259.0,259.0,259.0,258.0,259.0
779,228.0,228.0,228.0,229.0,228.0,227.0,229.0,227.0,228.0,228.0
780,244.0,244.0,244.0,244.0,244.0,243.0,242.0,244.0,243.0,244.0
781,247.0,246.0,247.0,247.0,248.0,248.0,246.0,247.0,247.0,248.0
782,245.0,245.0,246.0,242.0,245.0,245.0,247.0,245.0,247.0,246.0
783,255.0,256.0,257.0,256.0,256.0,256.0,256.0,256.0,257.0,258.0
784,254.0,251.0,252.0,251.0,251.0,250.0,252.0,251.0,252.0,252.0
785,246.0,246.0,247.0,245.0,246.0,245.0,246.0,245.0,245.0,245.0
786,246.0,247.0,248.0,247.0,246.0,249.0,247.0,246.0,248.0,248.0
787,258.0,260.0,260.0,262.0,259.0,257.0,258.0,259.0,259.0,259.0
788,259.0,261.0,259.0,259.0,259.0,259.0,256.0,258.0,260.0,257.0
789,258.0,256.0,255.0,256.0,258.0,259.0,255.0,255.0,257.0,254.0
790,250.0,249.0,250.0,252.0,250.0,252.0,251.0,250.0,249.0,250.0
791,248.0,248.0,249.0,249.0,250.0,249.0,247.0,248.0,249.0,249.0
792,247.0,245.0,245.0,246.0,246.0,246.0,246.0,246.0,246.0,246.0
793,250.0,248.0,248.0,250.0,249.0,250.0,248.0,249.0,251.0,249.0
794,254.0,254.0,253.0,254.0,255.0,254.0,254.0,255.0,254.0,253.0
795,229.0,227.0,230.0,229.0,230.0,228.0,229.0,229.0,228.0,229.0
796,273.0,272.0,274.0,272.0,271.0,272.0,274.0,272.0,273.0,274.0
797,262.0,260.0,260.0,261.0,260.0,261.0,261.0,260.0,261.0,259.0
798,241.0,242.0,239.0,240.0,242.0,239.0,242.0,241.0,241.0,242.0
799,247.0,247.0,246.0,247.0,246.0,245.0,246.0,247.0,247.0,246.0
800,262.0,263.0,264.0,261.0,262.0,263.0,263.0,263.0,262.0,263.0
801,240.0,241.0,238.0,241.0,241.0,241.0,242.0,242.0,243.0,242.0
802,258.0,257.0,258.0,257.0,258.0,257.0,257.0,258.0,259.0,257.0
803,255.0,253.0,252.0,254.0,255.0,255.0,252.0,255.0,253.0,254.0
804,244.0,244.0,244.0,243.0,244.0,244.0,243.0,245.0,244.0,244.0
805,251.0,253.0,253.0,254.0,253.0,252.0,252.0,252.0,254.0,253.0
806,241.0,241.0,241.0,240.0,241.0,242.0,242.0,241.0,239.0,240.0
807,242.0,244.0,245.0,243.0,245.0,243.0,243.0,244.0,243.0,244.0
808,244.0,245.0,244.0,246.0,243.0,245.0,245.0,246.0,244.0,245.0
809,235.0,237.0,234.0,235.0,236.0,235.0,234.0,237.0,235.0,235.0
810,250.0,251.0,251.0,251.0,252.0,249.0,248.0,251.0,252.0,249.0
811,253.0,253.0,254.0,253.0,252.0,253.0,254.0,252.0,254.0,252.0
812,248.0,247.0,248.0,249.0,248.0,249.0,250.0,249.0,247.0,250.0
813,261.0,259.0,261.0,262.0,261.0,261.0,262.0,261.0,261.0,261.0
814,268.0,268.0,268.0,267.0,266.0,264.0,267.0,267.0,264.0,267.0
815,248.0,249.0,248.0,248.0,248.0,250.0,250.0,249.0,250.0,251.0
816,247.0,245.0,245.0,246.0,245.0,247.0,247.0,245.0,246.0,246.0
817,235.0,236.0,236.0,235.0,235.0,238.0,236.0,234.0,235.0,238.0
818,257.0,255.0,257.0,257.0,259.0,256.0,255.0,256.0,257.0,258.0
819,248.0,248.0,247.0,248.0,249.0,246.0,247.0,246.0,246.0,247.0
820,257.0,257.0,259.0,258.0,257.0,257.0,258.0,260.0,258.0,257.0
821,252.0,254.0,255.0,253.0,251.0,253.0,253.0,253.0,253.0,254.0
822,261.0,262.0,259.0,260.0,259.0,261.0,260.0,261.0,260.0,260.0
823,253.0,252.0,252.0,253.0,253.0,253.0,251.0,254.0,255.0,253.0
824,245.0,245.0,246.0,245.0,245.0,244.0,244.0,246.0,244.0,245.0
825,265.0,266.0,265.0,267.0,264.0,263.0,265.0,262.0,265.0,264.0
826,241.0,240.0,244.0,241.0,240.0,241.0,242.0,242.0,241.0,240.0
827,252.0,252.0,253.0,254.0,254.0,251.0,252.0,250.0,252.0,252.0
828,250.0,249.0,247.0,249.0,249.0,248.0,248.0,249.0,248.0,248.0
829,234.0,234.0,234.0,235.0,232.0,233.0,233.0,234.0,235.0,232.0
830,267.0,266.0,265.0,267.0,265.0,265.0,265.0,267.0,267.0,267.0
831,254.0,252.0,252.0,253.0,254.0,252.0,252.0,254.0,254.0,252.0
832,246.0,246.0,246.0,246.0,245.0,245.0,246.0,248.0,247.0,245.0
833,239.0,241.0,243.0,243.0,243.0,240.0,242.0,243.0,241.0,241.0
834,253.0,253.0,255.0,256.0,255.0,256.0,255.0,255.0,256.0,254.0
835,261.0,259.0,259.0,258.0,261.0,259.0,258.0,258.0,260.0,260.0
836,245.0,243.0,244.0,244.0,242.0,243.0,244.0,242.0,243.0,242.0
837,249.0,248.0,246.0,250.0,248.0,248.0,247.0,249.0,250.0,246.0
838,245.0,245.0,246.0,246.0,245.0,245.0,246.0,246.0,246.0,245.0
839,257.0,256.0,256.0,255.0,255.0,255.0,256.0,255.0,255.0,256.0
840,261.0,260.0,262.0,261.0,261.0,261.0,261.0,260.0,261.0,261.0
841,242.0,243.0,243.0,242.0,243.0,243.0,243.0,244.0,243.0,244.0
842,249.0,249.0,250.0,248.0,251.0,251.0,249.0,250.0,250.0,251.0
843,238.0,236.0,237.0,237.0,237.0,236.0,236.0,237.0,236.0,237.0
844,258.0,259.0,260.0,259.0,258.0,258.0,259.0,259.0,260.0,258.0
845,238.0,239.0,239.0,239.0,238.0,239.0,239.0,238.0,238.0,239.0
846,251.0,253.0,252.0,254.0,255.0,252.0,253.0,253.0,255.0,254.0
847,247.0,247.0,247.0,245.0,248.0,247.0,247.0,248.0,247.0,248.0
848,268.0,267.0,268.0,267.0,267.0,269.0,270.0,267.0,267.0,268.0
849,243.0,242.0,241.0,243.0,241.0,243.0,241.0,243.0,243.0,241.0
850,240.0,240.0,243.0,242.0,240.0,241.0,240.0,240.0,239.0,241.0
851,253.0,252.0,254.0,254.0,255.0,254.0,253.0,256.0,254.0,253.0
852,234.0,236.0,235.0,235.0,235.0,237.0,236.0,235.0,236.0,236.0
853,255.0,254.0,255.0,254.0,255.0,254.0,253.0,253.0,255.0,252.0
854,259.0,258.0,258.0,259.0,258.0,261.0,260.0,260.0,262.0,260.0
855,256.0,256.0,255.0,256.0,255.0,255.0,257.0,257.0,256.0,256.0
856,262.0,263.0,264.0,263.0,262.0,264.0,262.0,263.0,263.0,263.0
857,249.0,248.0,250.0,251.0,251.0,249.0,250.0,249.0,251.0,250.0
858,240.0,241.0,240.0,240.0,241.0,240.0,239.0,241.0,239.0,241.0
859,251.0,253.0,251.0,250.0,252.0,250.0,250.0,253.0,251.0,253.0
860,241.0,240.0,240.0,242.0,240.0,241.0,241.0,240.0,243.0,242.0
861,226.0,226.0,226.0,227.0,228.0,227.0,228.0,226.0,226.0,228.0
862,264.0,262.0,262.0,264.0,263.0,262.0,263.0,264.0,263.0,262.0
863,254.0,252.0,253.0,255.0,253.0,256.0,253.0,253.0,255.0,255.0
864,248.0,245.0,247.0,246.0,247.0,246.0,247.0,248.0,246.0,247.0
865,246.0,247.0,246.0,246.0,247.0,245.0,248.0,245.0,245.0,245.0
866,266.0,265.0,264.0,263.0,265.0,267.0,264.0,264.0,264.0,265.0
867,250.0,251.0,252.0,250.0,250.0,251.0,252.0,250.0,251.0,250.0
868,249.0,247.0,248.0,248.0,248.0,249.0,248.0,248.0,248.0,248.0
869,238.0,240.0,239.0,238.0,237.0,240.0,239.0,239.0,241.0,239.0
870,253.0,252.0,252.0,253.0,252.0,252.0,250.0,252.0,252.0,250.0
871,251.0,250.0,250.0,250.0,250.0,253.0,249.0,251.0,251.0,251.0
872,243.0,241.0,243.0,242.0,242.0,242.0,243.0,241.0,243.0,241.0
873,243.0,247.0,245.0,245.0,245.0,245.0,244.0,247.0,246.0,245.0
874,252.0,254.0,255.0,254.0,255.0,254.0,253.0,255.0,254.0,253.0
875,265.0,265.0,266.0,266.0,266.0,265.0,267.0,264.0,266.0,267.0
876,256.0,258.0,256.0,256.0,258.0,255.0,257.0,257.0,256.0,256.0
877,256.0,255.0,253.0,256.0,256.0,256.0,255.0,256.0,256.0,256.0
878,242.0,241.0,241.0,242.0,241.0,242.0,240.0,241.0,242.0,242.0
879,254.0,254.0,255.0,253.0,254.0,254.0,253.0,254.0,254.0,254.0
880,251.0,252.0,250.0,251.0,253.0,252.0,252.0,252.0,253.0,253.0
881,250.0,248.0,249.0,248.0,250.0,250.0,250.0,249.0,250.0,250.0
882,261.0,260.0,259.0,259.0,260.0,260.0,260.0,260.0,259.0,260.0
883,256.0,256.0,259.0,258.0,257.0,256.0,257.0,256.0,255.0,257.0
884,243.0,243.0,243.0,242.0,243.0,243.0,242.0,243.0,242.0,240.0
885,252.0,252.0,250.0,251.0,251.0,251.0,251.0,251.0,252.0,249.0
886,249.0,250.0,249.0,249.0,250.0,250.0,248.0,249.0,250.0,250.0
887,244.0,244.0,245.0,245.0,243.0,245.0,245.0,243.0,245.0,246.0
888,249.0,249.0,249.0,251.0,249.0,249.0,249.0,250.0,251.0,248.0
889,248.0,248.0,249.0,249.0,248.0,247.0,246.0,249.0,250.0,247.0
890,263.0,263.0,263.0,262.0,263.0,264.0,264.0,265.0,263.0,263.0
891,250.0,251.0,251.0,253.0,251.0,252.0,252.0,253.0,252.0,253.0
892,258.0,257.0,258.0,257.0,255.0,256.0,257.0,258.0,258.0,257.0
893,252.0,251.0,252.0,252.0,254.0,254.0,254.0,254.0,254.0,253.0
894,270.0,269.0,270.0,271.0,271.0,270.0,270.0,269.0,270.0,267.0
895,249.0,249.0,248.0,249.0,251.0,249.0,249.0,250.0,248.0,250.0
896,255.0,256.0,256.0,255.0,255.0,257.0,256.0,255.0,259.0,256.0
897,260.0,259.0,259.0,259.0,259.0,258.0,259.0,259.0,260.0,258.0
898,258.0,258.0,257.0,258.0,260.0,259.0,257.0,257.0,257.0,258.0
899,254.0,254.0,254.0,255.0,255.0,255.0,255.0,252.0,253.0,254.0
900,262.0,262.0,263.0,261.0,261.0,261.0,263.0,264.0,263.0,261.0
901,256.0,257.0,256.0,255.0,256.0,257.0,256.0,256.0,254.0,256.0
902,253.0,253.0,252.0,255.0,253.0,254.0,252.0,254.0,252.0,252.0
903,267.0,267.0,267.0,268.0,266.0,268.0,266.0,268.0,269.0,266.0
904,258.0,256.0,257.0,257.0,255.0,257.0,257.0,258.0,256.0,257.0
905,262.0,263.0,261.0,263.0,263.0,262.0,262.0,261.0,264.0,262.0
906,239.0,238.0,236.0,238.0,237.0,236.0,238.0,236.0,236.0,236.0
907,235.0,234.0,235.0,234.0,234.0,234.0,234.0,233.0,233.0,233.0
908,261.0,261.0,263.0,265.0,262.0,265.0,262.0,261.0,263.0,264.0
909,241.0,240.0,240.0,240.0,239.0,240.0,239.0,241.0,240.0,240.0
910,269.0,267.0,269.0,267.0,269.0,268.0,268.0,268.0,267.0,269.0
911,240.0,239.0,241.0,238.0,240.0,241.0,241.0,241.0,239.0,239.0
912,264.0,268.0,267.0,265.0,265.0,266.0,266.0,264.0,267.0,266.0
913,245.0,245.0,245.0,247.0,244.0,245.0,246.0,246.0,245.0,244.0
914,222.0,223.0,222.0,224.0,222.0,224.0,221.0,224.0,225.0,223.0
915,254.0,253.0,255.0,251.0,254.0,254.0,254.0,252.0,252.0,253.0
916,245.0,246.0,243.0,245.0,244.0,246.0,244.0,244.0,245.0,244.0
917,256.0,255.0,254.0,255.0,255.0,254.0,253.0,255.0,255.0,254.0
918,233.0,233.0,233.0,233.0,232.0,234.0,234.0,233.0,232.0,235.0
919,253.0,250.0,252.0,252.0,252.0,251.0,251.0,252.0,251.0,250.0
920,260.0,261.0,259.0,261.0,260.0,259.0,261.0,261.0,261.0,260.0
921,252.0,253.0,253.0,253.0,251.0,250.0,253.0,253.0,251.0,253.0
922,250.0,253.0,252.0,250.0,250.0,253.0,250.0,250.0,251.0,251.0
923,253.0,254.0,256.0,255.0,255.0,255.0,253.0,252.0,256.0,253.0
924,262.0,263.0,261.0,263.0,261.0,261.0,264.0,261.0,263.0,263.0
925,238.0,240.0,239.0,238.0,237.0,238.0,240.0,238.0,240.0,239.0
926,251.0,251.0,250.0,248.0,250.0,252.0,252.0,251.0,252.0,250.0
927,244.0,246.0,245.0,245.0,248.0,245.0,246.0,247.0,246.0,245.0
928,252.0,251.0,253.0,252.0,252.0,253.0,252.0,253.0,253.0,252.0
929,265.0,262.0,265.0,264.0,263.0,263.0,263.0,264.0,262.0,264.0
930,231.0,231.0,232.0,232.0,233.0,232.0,233.0,232.0,234.0,233.0
931,232.0,228.0,232.0,232.0,229.0,231.0,232.0,231.0,231.0,231.0
932,252.0,249.0,252.0,253.0,252.0,251.0,251.0,250.0,250.0,252.0
933,245.0,246.0,244.0,245.0,244.0,245.0,246.0,243.0,246.0,245.0
934,243.0,243.0,243.0,243.0,244.0,243.0,242.0,242.0,244.0,242.0
935,232.0,233.0,233.0,233.0,233.0,233.0,233.0,233.0,235.0,232.0
936,238.0,239.0,237.0,237.0,238.0,239.0,239.0,238.0,239.0,238.0
937,238.0,238.0,236.0,236.0,236.0,239.0,236.0,237.0,237.0,238.0
938,234.0,233.0,233.0,234.0,233.0,233.0,232.0,231.0,232.0,231.0
939,246.0,246.0,246.0,247.0,247.0,245.0,246.0,245.0,246.0,247.0
940,265.0,264.0,263.0,264.0,264.0,264.0,264.0,263.0,265.0,264.0
941,257.0,257.0,257.0,256.0,257.0,258.0,257.0,257.0,258.0,257.0
942,245.0,243.0,245.0,246.0,244.0,246.0,244.0,244.0,247.0,244.0
943,251.0,251.0,251.0,250.0,251.0,253.0,251.0,252.0,248.0,251.0
944,255.0,255.0,255.0,255.0,255.0,255.0,255.0,255.0,253.0,257.0
945,243.0,243.0,245.0,242.0,244.0,243.0,244.0,242.0,242.0,245.0
946,242.0,245.0,246.0,245.0,244.0,245.0,246.0,247.0,245.0,243.0
947,256.0,255.0,256.0,255.0,257.0,257.0,256.0,255.0,255.0,254.0
948,272.0,271.0,271.0,270.0,273.0,270.0,269.0,273.0,271.0,272.0
949,248.0,249.0,249.0,247.0,246.0,248.0,246.0,247.0,249.0,247.0
950,257.0,257.0,256.0,257.0,256.0,256.0,258.0,257.0,255.0,256.0
951,241.0,244.0,243.0,243.0,244.0,243.0,241.0,242.0,243.0,243.0
952,234.0,235.0,234.0,235.0,234.0,234.0,232.0,235.0,234.0,235.0
953,236.0,236.0,233.0,234.0,236.0,236.0,236.0,235.0,235.0,235.0
954,245.0,247.0,245.0,245.0,245.0,247.0,247.0,246.0,245.0,246.0
955,253.0,252.0,253.0,251.0,251.0,253.0,252.0,252.0,251.0,253.0
956,257.0,255.0,256.0,255.0,255.0,256.0,257.0,256.0,255.0,258.0
957,238.0,239.0,239.0,238.0,238.0,238.0,238.0,238.0,237.0,238.0
958,250.0,251.0,251.0,250.0,250.0,251.0,251.0,253.0,252.0,250.0
959,251.0,252.0,254.0,252.0,253.0,255.0,252.0,255.0,252.0,253.0
960,238.0,236.0,237.0,237.0,236.0,236.0,237.0,238.0,236.0,237.0
961,260.0,261.0,262.0,261.0,259.0,261.0,261.0,262.0,261.0,260.0
962,245.0,246.0,245.0,244.0,244.0,245.0,243.0,243.0,244.0,245.0
963,255.0,256.0,258.0,257.0,256.0,256.0,257.0,256.0,257.0,256.0
964,243.0,244.0,243.0,242.0,243.0,244.0,243.0,244.0,244.0,244.0
965,232.0,230.0,230.0,231.0,232.0,231.0,230.0,230.0,232.0,231.0
966,242.0,243.0,239.0,243.0,243.0,242.0,244.0,242.0,243.0,241.0
967,259.0,261.0,259.0,261.0,259.0,259.0,261.0,259.0,261.0,260.0
968,242.0,244.0,242.0,242.0,241.0,243.0,245.0,244.0,244.0,243.0
969,236.0,238.0,238.0,238.0,237.0,237.0,238.0,239.0,238.0,237.0
970,274.0,275.0,273.0,275.0,274.0,273.0,273.0,272.0,273.0,273.0
971,245.0,245.0,246.0,245.0,246.0,244.0,245.0,246.0,245.0,244.0
972,261.0,260.0,259.0,262.0,262.0,261.0,261.0,261.0,261.0,260.0
973,243.0,245.0,243.0,242.0,243.0,245.0,241.0,243.0,244.0,243.0
974,247.0,247.0,248.0,248.0,247.0,249.0,247.0,247.0,250.0,249.0
975,242.0,242.0,244.0,243.0,242.0,240.0,242.0,242.0,242.0,244.0
976,227.0,229.0,228.0,228.0,231.0,228.0,227.0,226.0,228.0,227.0
977,273.0,272.0,273.0,273.0,273.0,272.0,273.0,273.0,273.0,274.0
978,259.0,259.0,259.0,258.0,260.0,260.0,260.0,260.0,259.0,259.0
979,250.0,250.0,250.0,249.0,248.0,248.0,249.0,251.0,249.0,249.0
980,260.0,259.0,259.0,259.0,260.0,260.0,261.0,260.0,260.0,260.0
981,248.0,249.0,248.0,249.0,248.0,247.0,249.0,248.0,249.0,249.0
982,251.0,250.0,251.0,251.0,251.0,251.0,251.0,251.0,251.0,252.0
983,249.0,249.0,249.0,249.0,250.0,250.0,249.0,249.0,249.0,250.0
984,242.0,241.0,241.0,244.0,242.0,241.0,242.0,242.0,241.0,242.0
985,258.0,259.0,258.0,257.0,259.0,257.0,258.0,257.0,258.0,256.0
986,246.0,245.0,245.0,247.0,247.0,247.0,247.0,246.0,246.0,246.0
987,255.0,256.0,256.0,256.0,255.0,256.0,255.0,256.0,256.0,256.0
988,264.0,265.0,266.0,264.0,264.0,264.0,263.0,264.0,263.0,262.0
989,248.0,249.0,248.0,248.0,246.0,250.0,249.0,248.0,247.0,248.0
990,250.0,249.0,250.0,250.0,250.0,250.0,251.0,251.0,250.0,250.0
991,247.0,249.0,250.0,248.0,246.0,250.0,248.0,248.0,249.0,247.0
992,240.0,239.0,238.0,239.0,238.0,238.0,237.0,238.0,240.0,240.0
993,245.0,242.0,244.0,245.0,245.0,245.0,244.0,246.0,243.0,242.0
994,255.0,254.0,256.0,254.0,257.0,255.0,256.0,254.0,256.0,254.0
995,244.0,243.0,244.0,243.0,242.0,242.0,243.0,243.0,245.0,242.0
996,267.0,267.0,266.0,269.0,267.0,267.0,267.0,267.0,268.0,267.0
997,248.0,247.0,246.0,248.0,246.0,247.0,248.0,248.0,248.0,245.0
998,263.0,263.0,263.0,263.0,262.0,261.0,263.0,264.0,263.0,262.0
999,236.0,235.0,235.0,237.0,234.0,233.0,236.0,237.0,235.0,234.0
